aggregation_seconds,metric,mean_full_advantage,sd_full_advantage,full_better_seeds,reg_only_better_seeds,ties,cohen_dz,exact_sign_flip_p
30,closed_accuracy,-0.0008585630366019336,0.014808312211816405,3,2,0,-0.057978453203926694,0.9375
30,auroc,0.002250199282076748,0.018317077913625905,3,2,0,0.12284706614709792,0.8125
30,aupr,-0.0002499215213454642,0.02402005582937092,2,3,0,-0.010404701934117426,1.0
30,interpolated_eer,0.0017809978827865835,0.015262565884259394,2,3,0,0.11669059424820333,0.875
30,oscr,-0.0022392578075417337,0.012665060018140545,3,2,0,-0.1768059373058144,0.75
30,balanced_detection,-0.020203964227642167,0.032714220972740814,2,3,0,-0.6175896483818814,0.375
30,open_overall_accuracy,-0.01894940380277149,0.02882157752986204,2,3,0,-0.6574728181737454,0.3125
60,closed_accuracy,-0.003811252268602572,0.015468476031762867,3,2,0,-0.2463883488442282,0.875
60,auroc,0.0009062618556912039,0.016725519982734506,3,2,0,0.05418437553072932,0.875
60,aupr,-3.504335326786068e-05,0.02112773954884059,3,2,0,-0.001658641862128773,1.0
60,interpolated_eer,0.0010470946507121215,0.018163231196799984,2,3,0,0.057649139592331984,0.9375
60,oscr,-0.003918094476401396,0.013121978855137318,3,2,0,-0.2985902141480317,0.5625
60,balanced_detection,-0.01852271942172472,0.024810420777231314,1,4,0,-0.7465701443775248,0.125
60,open_overall_accuracy,-0.022337325995467738,0.029098750068129682,1,4,0,-0.767638676684351,0.1875
120,closed_accuracy,-0.009124087591240893,0.019419522494336466,2,3,0,-0.4698409857349403,0.4375
120,auroc,0.0018460653934607052,0.023059632659079607,2,3,0,0.0800561492350498,0.9375
120,aupr,2.1503746029527536e-05,0.03028924122926051,2,3,0,0.0007099466727068136,1.0
120,interpolated_eer,0.0018948105189480978,0.026685355203810924,2,3,0,0.07100563228318957,0.875
120,oscr,-0.007461753824617523,0.01620904056447703,3,2,0,-0.4603451879175596,0.5
120,balanced_detection,0.008041135442236658,0.036603549114298056,3,2,0,0.2196818515365122,0.625
120,open_overall_accuracy,0.020990873533246412,0.04212998277229127,3,2,0,0.4982407338426929,0.3125
