seed,aggregation_seconds,closed_accuracy,auroc,aupr,interpolated_eer,oscr,balanced_detection,open_overall_accuracy,known_acceptance_macro,unknown_rejection_observed,method
42,30,0.3224130140081337,0.6081602202511207,0.3851771710459111,0.43831902394939,0.249373213442528,0.5814581415808321,0.3727038349983886,0.3516803281054845,0.8112359550561797,full
42,30,0.3145051965657479,0.6054897769563915,0.3870922108703509,0.4412562132851333,0.2451747716506648,0.5778228396992982,0.368192072188205,0.3494659041176975,0.8061797752808989,reg_only
42,60,0.3321234119782214,0.6086637546525577,0.3937728996642692,0.4378402903811252,0.2567809427132999,0.5357748887350393,0.2949174490126254,0.8026232237977623,0.2689265536723164,full
42,60,0.323956442831216,0.6057194417956053,0.3936082481531662,0.4463276836158192,0.2521701682610969,0.5641146363071905,0.3467141469731304,0.5316191031228557,0.5966101694915253,reg_only
42,120,0.3293795620437956,0.6066101723161017,0.3895221348491464,0.44063926940639264,0.2591251291537513,0.5542894586421467,0.363102998696219,0.1291268624897728,0.9794520547945206,full
42,120,0.3266423357664234,0.6026064060260641,0.393066383347934,0.4498175182481752,0.2545026747325267,0.5415784567116142,0.2894393741851369,0.8479970960716302,0.2351598173515982,reg_only
52,30,0.3285133303208314,0.6717729631340851,0.4494241432934251,0.3848314606741573,0.2613390867042044,0.5495189583669634,0.3438607798904286,0.1164536470710055,0.9825842696629212,full
52,30,0.3287392679620425,0.6841767492396817,0.4580653016841579,0.37134831460674156,0.2706849718466467,0.5307167909938542,0.3325813728649693,0.080534705583214,0.9808988764044944,reg_only
52,60,0.3303085299455535,0.6774077947645268,0.4617111645276741,0.37966101694915255,0.2676999702646446,0.5253221110042636,0.3182259630948527,0.0529041090141769,0.9977401129943504,full
52,60,0.3339382940108893,0.6906018333384601,0.4697426273453992,0.3661524500907441,0.2786159217447476,0.5212032407552989,0.3198446099061184,0.0503160860303717,0.992090395480226,reg_only
52,120,0.3312043795620438,0.6719348898443489,0.4587857305501291,0.3789954337899544,0.2676461520514616,0.5816339553774372,0.3800521512385919,0.2591583217137786,0.904109589041096,full
52,120,0.3476277372262774,0.695201313202013,0.4723440109505489,0.36222627737226276,0.2899126753991267,0.526777385527735,0.3318122555410691,0.0763858212837804,0.9771689497716896,reg_only
62,30,0.3129236330772706,0.677246746751829,0.4256176756805119,0.3612359550561798,0.2539028823550318,0.5462928530020991,0.3477280051563003,0.1291025599367826,0.9634831460674156,full
62,30,0.3389064618165386,0.6925001396243851,0.4599863885398881,0.35652959783099863,0.2750556593571185,0.5636661653395028,0.3614244279729294,0.1627255891059719,0.9646067415730336,reg_only
62,60,0.3185117967332123,0.6833235924410676,0.435488978112202,0.35390199637023595,0.2618428742809683,0.5396663131276566,0.3421819359015863,0.0996716093061608,0.9796610169491524,full
62,60,0.3489110707803993,0.6986060270489198,0.4663014727335738,0.3470961887477314,0.285698575779015,0.5460399874528293,0.3486565231466494,0.1169387319678055,0.9751412429378532,reg_only
62,120,0.3147810218978102,0.6949430056994301,0.4324712311039326,0.3458029197080292,0.2649245492117454,0.5761699199841133,0.3767926988265971,0.2231160956759892,0.9292237442922374,full
62,120,0.354014598540146,0.7014756857647568,0.4681897939444352,0.3447488584474886,0.2928217594907176,0.5464566025061217,0.3513689700130378,0.1180273602633851,0.9748858447488584,reg_only
72,30,0.3190239493899683,0.7006694989261616,0.4424709020728604,0.35449438202247197,0.2679748625334464,0.5408233818321961,0.3291975507573316,0.0872647411924823,0.99438202247191,full
72,30,0.3167645729778581,0.6699581634569983,0.4137465549760698,0.38146067415730334,0.2600992221652441,0.5902316559104126,0.3707702223654527,0.2242835365399265,0.9561797752808988,reg_only
72,60,0.3312159709618875,0.6991720241574128,0.4392285506110663,0.352540834845735,0.2761325068955264,0.5751344152798284,0.3658141793460667,0.1739976441189788,0.976271186440678,full
72,60,0.3289473684210526,0.6728516205768659,0.4160836996538177,0.382032667876588,0.2705981420529699,0.5797453350017787,0.3616056976367756,0.1786997095515801,0.9807909604519774,reg_only
72,120,0.3302919708029197,0.7122225277472253,0.4546444771656267,0.3403284671532847,0.2813541562510415,0.55309658010944,0.3455019556714472,0.1130424752873732,0.9931506849315068,full
72,120,0.333029197080292,0.6731389361063893,0.4082198168528274,0.3835616438356164,0.2773222677732226,0.5814167572426862,0.3650586701434159,0.1742490395995276,0.9885844748858448,reg_only
82,30,0.3151830094893809,0.6641046649776347,0.4106310773162812,0.3837078651685393,0.2463516782851079,0.5108502764401641,0.3019658395101515,0.0222623506331371,0.999438202247191,full
82,30,0.3034342521464075,0.6585782683529907,0.3956801209452503,0.3808988764044944,0.239123387338353,0.567525980417398,0.3572349339349017,0.1901081406100767,0.9449438202247192,reg_only
82,60,0.3153357531760435,0.6673903124263024,0.4179568198086347,0.3853107344632768,0.2503901483691695,0.5086255731534182,0.3004208481709291,0.0183810898096612,0.9988700564971752,full
82,60,0.3107985480943738,0.6636472464035601,0.4025975816042287,0.3728813559322034,0.2453541070677863,0.5660336988917323,0.3564260278407251,0.1942142904388318,0.9378531073446328,reg_only
82,120,0.322992700729927,0.664748108522481,0.4137312805464803,0.3881278538812786,0.2547286937972869,0.549183009536597,0.3428943937418514,0.1052153341416872,0.9931506849315068,full
82,120,0.312956204379562,0.6688060360630603,0.407227330389422,0.363013698630137,0.2505280721927807,0.5779380444503939,0.3657105606258148,0.2380678697227055,0.9178082191780822,reg_only
