method,seed,fold,aggregation_seconds,temperature,arcface_scale,included_users,pseudo_unknown_users,known_blocks,pseudo_unknown_blocks,threshold,known_energy_mean,pseudo_unknown_energy_mean,known_unknown_energy_gap,known_acceptance_macro_user,pseudo_unknown_rejection_macro_user,balanced_detection
energy_score,82,0,30,1.0,30.0,39,10,669,177,-20.99517822265625,-24.494852821566777,-16.6841654696707,7.810687351896078,0.9242400934559782,0.9545751633986927,0.9394076284273355
energy_score,82,0,60,1.0,30.0,39,10,322,85,-21.990172386169434,-24.936544219899623,-16.81142509684843,8.125119123051192,0.9091880341880343,0.9888888888888889,0.9490384615384616
energy_score,82,0,120,1.0,30.0,39,10,155,41,-20.753615379333496,-25.3402102562689,-16.879565564597524,8.460644691671376,0.9884615384615384,0.95,0.9692307692307691
energy_score,82,1,30,1.0,30.0,39,10,670,176,-22.26994037628174,-25.041240309245552,-17.40867882425135,7.632561484994202,0.9154733141396634,0.966013071895425,0.9407431930175442
energy_score,82,1,60,1.0,30.0,39,10,321,86,-22.5893611907959,-25.442348530730726,-17.603341856668163,7.8390066740625635,0.9326923076923077,0.9777777777777779,0.9552350427350428
energy_score,82,1,120,1.0,30.0,39,10,155,41,-22.13785457611084,-25.775965684460054,-17.83095843617509,7.945007248284963,0.9487179487179487,0.975,0.9618589743589743
energy_score,82,2,30,1.0,30.0,39,10,678,168,-20.07400131225586,-24.10681402577763,-16.10339825493949,8.003415770838142,0.9356460532931121,0.9362229102167182,0.9359344817549151
energy_score,82,2,60,1.0,30.0,39,10,327,80,-19.83938980102539,-24.52389580321239,-16.317395567893982,8.206500235318408,0.958048433048433,0.9222222222222222,0.9401353276353276
energy_score,82,2,120,1.0,30.0,39,10,157,39,-19.7252197265625,-24.906709112179506,-16.51367647219927,8.393032639980238,0.9628205128205127,0.925,0.9439102564102564
energy_score,82,3,30,1.0,30.0,39,10,672,174,-21.47181797027588,-24.43059478771119,-17.182590687411956,7.248004100299234,0.8947641600326762,0.9823529411764707,0.9385585506045735
energy_score,82,3,60,1.0,30.0,39,10,323,84,-21.849225997924805,-24.844116104645625,-17.478915895734513,7.365200208911112,0.9061965811965812,1.0,0.9530982905982905
energy_score,82,3,120,1.0,30.0,39,10,156,40,-21.336556434631348,-25.211176370963074,-17.658548283576966,7.552628087386108,0.95,1.0,0.975
energy_score,82,4,30,1.0,30.0,40,9,695,151,-21.767911911010742,-24.705748773478774,-16.96356642640979,7.742182347068983,0.8969557838317513,0.9281045751633987,0.9125301794975751
energy_score,82,4,60,1.0,30.0,40,9,335,72,-21.52232551574707,-25.085823910271944,-17.15763273504045,7.928191175231493,0.9309027777777779,0.9166666666666666,0.9237847222222222
energy_score,82,4,120,1.0,30.0,40,9,161,35,-22.02462863922119,-25.420883054318637,-17.303121294294083,8.117761760024553,0.9412499999999999,0.9166666666666666,0.9289583333333333
